Word,Tag
Lastilathe,ENGLISH
punch,ENGLISH
kaanan,MALAYALAM
mathram,MALAYALAM
veendum,MALAYALAM
vannavarundel,MALAYALAM
chummathonnu,MALAYALAM
njekkiyechum,MALAYALAM
poike,MALAYALAM
.,SYM
Nice,ENGLISH
.,SYM
Pwlichu,MALAYALAM
Ikkka,NAME
pwlichu,MALAYALAM
mass,ENGLISH
padam,MALAYALAM
Hollywood,ENGLISH
cut,ENGLISH
.,SYM
Trailer,ENGLISH
erghunathinn,MALAYALAM
munbb,MALAYALAM
kanathe,MALAYALAM
dislike,ENGLISH
adichavanmaar,MALAYALAM
verum,MALAYALAM
verum,MALAYALAM
Feeling,ENGLISH
pucham,MALAYALAM
u,ENGLISH
.,SYM
Ambooo,MALAYALAM
Ettan,NAME
kidu,MALAYALAM
acting,ENGLISH
Raju,NAME
Ettan,NAME
poli,MALAYALAM
making,ENGLISH
.,SYM
onnum,MALAYALAM
parayan,MALAYALAM
Ilamammokka,MIXED
polichu,MALAYALAM
Thakarthuu,MALAYALAM
starstruck,OTHER
starstruck,OTHER
starstruck,OTHER
starstruck,OTHER
.,SYM
Suraj,NAME
ettan,NAME
soubin,NAME
ikka,NAME
enn,MALAYALAM
kelkkumbo,MALAYALAM
thanne,MALAYALAM
oru,MALAYALAM
nalla,MALAYALAM
cinema,ENGLISH
yude,MALAYALAM
smell,ENGLISH
adikkunnundwaiting,MALAYALAM
releasing,ENGLISH
.,SYM
Ejjati,MALAYALAM
item,ENGLISH
ettan,NAME
pwolikkum,MALAYALAM
best,ENGLISH
raju,NAME
etta,NAME
.,SYM
Ohhh,ENGLISH
god,ENGLISH
endhokke,MALAYALAM
looks,ENGLISH
aanu,MALAYALAM
onnum,MALAYALAM
parayaanillaa,MALAYALAM
katta,MALAYALAM
waiting,ENGLISH
lalettaa,NAME
.,SYM
Madhuraraja,NAME
teaser,ENGLISH
ethaanenkil,MALAYALAM
trailer,ENGLISH
enthaayirikkum,MALAYALAM
April,ENGLISH
kazhinjaal,MALAYALAM
theater,ENGLISH
ok,ENGLISH
kaanumo,MALAYALAM
aavo,MALAYALAM
.,SYM
After,ENGLISH
1M,NUMBER
views,ENGLISH
150K,NUMBER
likes,ENGLISH
.,SYM
Sheriyaya,MALAYALAM
views,ENGLISH
ano,MALAYALAM
allengil,MALAYALAM
youtube,ENGLISH
lalettan,NAME
hang,ENGLISH
akkiyathano,MALAYALAM
ennu,MALAYALAM
samshyamullarkku,MALAYALAM
like,ENGLISH
adikkanulla,MALAYALAM
thumbu,ENGLISH
.,SYM
Enthonnadei,MALAYALAM
ithu,MALAYALAM
pulimurugan,OTHER
tamil,OTHER
remake,ENGLISH
rolling,OTHER
floor,OTHER
laughing,OTHER
rolling,OTHER
floor,OTHER
laughing,OTHER
rolling,OTHER
floor,OTHER
laughing,OTHER
.,SYM
10,NUMBER
million,ENGLISH
ayo,MALAYALAM
ennu,MALAYALAM
nokkan,MALAYALAM
varunnavar,MALAYALAM
like,ENGLISH
adi,MALAYALAM
.,SYM
Thalachorilla,MALAYALAM
budhiyum,MALAYALAM
illatha,MALAYALAM
11k,NUMBER
aalkkar,MALAYALAM
Ninte,MALAYALAM
okke,MALAYALAM
thalakku,MALAYALAM
ooolamanooo,MALAYALAM
.,SYM
Ella,MALAYALAM
cinimakaludeyum,MIXED
trailer,ENGLISH
kanunathe,MALAYALAM
habits,ENGLISH
aakkiyavarundo,MALAYALAM
.,SYM
Trilar,ENGLISH
kanditt,MALAYALAM
padam,MALAYALAM
Valiya,MALAYALAM
pratheeksha,MALAYALAM
illaa,MALAYALAM
.,SYM
Wtng,ENGLISH
laletta,NAME
.,SYM
Looks,ENGLISH
like,ENGLISH
netflix,ENGLISH
series,ENGLISH
oru,MALAYALAM
film,ENGLISH
aayi,MALAYALAM
coloring,ENGLISH
Mach,OTHER
aavunnilla,MALAYALAM
.,SYM
ooro,MALAYALAM
secondum,MIXED
mmakkayude,MIXED
entrik,ENGLISH
vendi,MALAYALAM
waiting,ENGLISH
aayirunnu,MALAYALAM
.,SYM
Mammookem,NAME
Pillerum,MALAYALAM
Ithil,MALAYALAM
Polikkum,MALAYALAM
Ennu,MALAYALAM
Urapullavar,MALAYALAM
Like,ENGLISH
Adich,MALAYALAM
Pokko,MALAYALAM
.,SYM
tovinok,NAME
pakaram,MALAYALAM
unni,NAME
mukundan,NAME
mathiyarunnu,MALAYALAM
.,SYM
Panieduthittu,MALAYALAM
padikkan,MALAYALAM
verunnavante,MALAYALAM
kayyude,MALAYALAM
thazhambumkondonnu,MALAYALAM
kittiyal,MALAYALAM
mathi,MALAYALAM
Pinne,MALAYALAM
joraa,NAME
.,SYM
Soundil,MIXED
kurachukoodi,MALAYALAM
bass,ENGLISH
koodi,MALAYALAM
undayinnel,MALAYALAM
kidilan,MALAYALAM
.,SYM
Lalettaa,NAME
Rajuettaa,NAME
go,ENGLISH
ahead,MALAYALAM
.,SYM
Love,ENGLISH
mammoookhaa,NAME
Mammookha,NAME
fans,ENGLISH
hit,ENGLISH
like,ENGLISH
.,SYM
Lalettan,NAME
faanan,MIXED
ee,MALAYALAM
trailer,ENGLISH
kidukki,MALAYALAM
tto,ENGLISH
.,SYM
Adipoli,MALAYALAM
.,SYM
Ipo,MALAYALAM
10,NUMBER
vattam,MALAYALAM
kandu,MALAYALAM
yennittum,MALAYALAM
madhiyavunnilla,MALAYALAM
romanjifikshan,NAME
ikka,NAME
.,SYM
Padam,MALAYALAM
polikunna,MALAYALAM
thonnunne,MALAYALAM
Soubin,NAME
oru,MALAYALAM
pradhibasam,NAME
thanne,MALAYALAM
Ambili,MIXED
kandit,MALAYALAM
oru,MALAYALAM
onnonnara,MALAYALAM
fana,MIXED
ayi,MALAYALAM
njn,MALAYALAM
.,SYM
Prathviraaj,NAME
.,SYM
Ravananaya,MIXED
avane,MALAYALAM
NERKKUNER,MALAYALAM
ILLATHAKKAN,MALAYALAM
oru,MALAYALAM
maha,MALAYALAM
.,SYM
Ithu,MALAYALAM
polulla,MALAYALAM
padam,MALAYALAM
ikkanekkonde,MALAYALAM
abhinayichu,MALAYALAM
kanikkan,MALAYALAM
pattu,MALAYALAM
.,SYM
suraaj,NAME
looks,ENGLISH
like,ENGLISH
kunjunni,NAME
mash,ENGLISH
.,SYM
Padam,MALAYALAM
kidilan,MALAYALAM
ane,MALAYALAM
oru,MALAYALAM
rakshayumilla,MALAYALAM
pakshe,MALAYALAM
ithpole,MALAYALAM
padam,MALAYALAM
englishilum,ENGLISH
umd,MALAYALAM
Robot,ENGLISH
And,ENGLISH
Frank,ENGLISH
enn,MALAYALAM
pere,MALAYALAM
athum,MALAYALAM
pwoliyane,MALAYALAM
.,SYM
Veruthayayi,MALAYALAM
kashu,NAME
poyi,MALAYALAM
pratheeshyode,MALAYALAM
arum,MALAYALAM
pokaruthe,MALAYALAM
.,SYM
Super,ENGLISH
mega,ENGLISH
hit,ENGLISH
aaayirikkum,MALAYALAM
mark,ENGLISH
.,SYM
Aaaa,MALAYALAM
mundum,MALAYALAM
pookal,MALAYALAM
shirtum,NAME
vere,MALAYALAM
arund,MALAYALAM
ithra,MALAYALAM
look,ENGLISH
.,SYM
Trailer,ENGLISH
kidukkifilm,MIXED
ith,MALAYALAM
pole,MALAYALAM
nannaya,MALAYALAM
mathiyarnnu,MALAYALAM
.,SYM
Njan,MALAYALAM
maathramano,MALAYALAM
comment,ENGLISH
nu,MALAYALAM
like,ENGLISH
kittiyo,MALAYALAM
enn,MALAYALAM
veendum,MALAYALAM
veendum,MALAYALAM
nokkunnath,MALAYALAM
.,SYM
Enta,MALAYALAM
ponno,MALAYALAM
ithu,MALAYALAM
verae,MALAYALAM
level,ENGLISH
Iove,ENGLISH
u,ENGLISH
ikka,NAME
.,SYM
Uff,OTHER
ente,MALAYALAM
ponoo,MALAYALAM
wait,ENGLISH
chyan,MALAYALAM
vayye,MALAYALAM
ikka,NAME
.,SYM
Ajuvine,NAME
kandale,MALAYALAM
ariyam,MALAYALAM
negative,ENGLISH
role,ENGLISH
anenn,MALAYALAM
pinne,MALAYALAM
lift,ENGLISH
kanikkunond,MALAYALAM
aval,MALAYALAM
mikkavarum,MALAYALAM
liftil,ENGLISH
kanum,MALAYALAM
.,SYM
Korach,MALAYALAM
adhikum,MALAYALAM
award,ENGLISH
kude,MALAYALAM
undakendi,MALAYALAM
verum,MALAYALAM
enn,MALAYALAM
toonna,MALAYALAM
suraajettante,MIXED
acting,ENGLISH
kanumbo,MALAYALAM
.,SYM
Njan,MALAYALAM
oru,MALAYALAM
mohanlaal,NAME
fana,MIXED
Pakshe,MALAYALAM
ith,MALAYALAM
vallathore,MALAYALAM
vishayam,MALAYALAM
filim,ENGLISH
aaairikkkum,MALAYALAM
.,SYM
WowMaranamaas,MIXED
Trailer,ENGLISH
Gopi,NAME
Sundar,NAME
bgm,ENGLISH
oru,MALAYALAM
rakshemilla,MALAYALAM
ttaaHit,MALAYALAM
like,ENGLISH
u,ENGLISH
watch,ENGLISH
FDFS,ENGLISH
.,SYM
Pulimurugam,OTHER
team,ENGLISH
alle,MALAYALAM
athinta,MALAYALAM
oru,MALAYALAM
chaaya,MALAYALAM
evdokkeyo,MALAYALAM
ondIKKA,MALAYALAM
SUPERMAN,ENGLISH
PUNCH,ENGLISH
PWLIYEE,MALAYALAM
.,SYM
Super,ENGLISH
star,ENGLISH
rajini,NAME
sir,ENGLISH
fans,ENGLISH
hit,ENGLISH
likes,ENGLISH
.,SYM
15,NUMBER
aa,MALAYALAM
musicinu,MIXED
vendi,MALAYALAM
wait,ENGLISH
cheyyuva,MALAYALAM
.,SYM
Makkale,MALAYALAM
onnum,MALAYALAM
nokkanda,MALAYALAM
ninghal,MALAYALAM
vanna,MALAYALAM
bakkam,MALAYALAM
enna,MALAYALAM
154,NUMBER
.,SYM
Nayika,MALAYALAM
liftil,ENGLISH
kudungunnu,MALAYALAM
Ellaarum,MALAYALAM
oodi,MALAYALAM
nadannu,MALAYALAM
anveshikunnu,MALAYALAM
.,SYM
Ith,MALAYALAM
kidukkan,MALAYALAM
aakum,MALAYALAM
Eagerly,ENGLISH
waiting,ENGLISH
lub,ENGLISH
ikkaa,NAME
eattan,NAME
fan,ENGLISH
.,SYM
173k,NUMBER
views,ENGLISH
173k,NUMBER
likes,ENGLISH
bakki,MALAYALAM
kore,MALAYALAM
mammunni,OTHER
fans,ENGLISH
18k,NUMBER
.,SYM
Mammookaye,MIXED
pole,MALAYALAM
dailog,ENGLISH
eathu,MALAYALAM
salgilum,MIXED
prasant,NAME
cheyyan,MALAYALAM
kazhiyillannu,MALAYALAM
ippo,MALAYALAM
eniku,MALAYALAM
manasilaayi,MALAYALAM
.,SYM
Hit,ENGLISH
like,ENGLISH
lalettans,NAME
fan,ENGLISH
.,SYM
Trailer,ENGLISH
kand,MALAYALAM
romanjam,MALAYALAM
Vanna,MALAYALAM
ettan,NAME
fans,ENGLISH
like,ENGLISH
adikn,MALAYALAM
.,SYM
ithu,MALAYALAM
oru,MALAYALAM
5,NUMBER
million,ENGLISH
views,ENGLISH
aakkanam,MALAYALAM
.,SYM
Mohanlal,NAME
looks,ENGLISH
like,ENGLISH
jilla,NAME
.,SYM
Thrissur,PLACE
slang,ENGLISH
paliyenn,MALAYALAM
thonnunnath,MALAYALAM
enikk,MALAYALAM
mathramano,MALAYALAM
.,SYM
America,ENGLISH
atom,ENGLISH
bomb,ENGLISH
itittu,MALAYALAM
thirnilaaa,MALAYALAM
pinaa,MALAYALAM
allee,MALAYALAM
bengalikal,MIXED
.,SYM
Onnum,MALAYALAM
parayanilla,MALAYALAM
pratheshakalkkapuram,MALAYALAM
nammakku,MALAYALAM
asvathikkan,MALAYALAM
pattiya,MALAYALAM
trailer,ENGLISH
ethra,MALAYALAM
pravisham,MALAYALAM
kandittum,MALAYALAM
mathiyaunnilla,MALAYALAM
.,SYM
Kidu,MALAYALAM
trailer,ENGLISH
iniyulla,MALAYALAM
Kali,MALAYALAM
ikkayude,MIXED
pilleru,MALAYALAM
nokkikolam,MALAYALAM
triple,ENGLISH
strongode,MIXED
.,SYM
Enik,MALAYALAM
Albudham,MALAYALAM
sidiqane,MIXED
aan,MALAYALAM
1kodi,NUMBER
bajat,NAME
aayalum,MALAYALAM
100,NUMBER
kodi,MALAYALAM
bajatayalum,MALAYALAM
sidiq,NAME
athil,MALAYALAM
Kanum,MALAYALAM
Legend,ENGLISH
.,SYM
Lucifer,OTHER
trailer,ENGLISH
erangiya,MALAYALAM
day,ENGLISH
million,ENGLISH
views,ENGLISH
vannapo,MALAYALAM
sudappi,NAME
makkal,MALAYALAM
endho,MALAYALAM
paranjarunnalloikkede,MALAYALAM
trailer,ENGLISH
onnu,MALAYALAM
vannottu,MALAYALAM
ennu,MALAYALAM
alleennittu,MALAYALAM
bhayangara,MALAYALAM
views,ENGLISH
ahnallo,MALAYALAM
rolling,OTHER
floor,OTHER
laughing,OTHER
rolling,OTHER
floor,OTHER
laughing,OTHER
rolling,OTHER
floor,OTHER
laughing,OTHER
.,SYM
Padam,MALAYALAM
pottum,MALAYALAM
Charithram,MALAYALAM
akanamenkil,MALAYALAM
marakkar,OTHER
varanam,MALAYALAM
.,SYM
Prithviraj,NAME
Nighal,MALAYALAM
oru,MALAYALAM
marana,MALAYALAM
mass,ENGLISH
sambavam,MALAYALAM
.,SYM
Kerala,PLACE
die,ENGLISH
hard,ENGLISH
mohanlal,NAME
fans,ENGLISH
like,ENGLISH
.,SYM
Da,MALAYALAM
mwone,ENGLISH
madhurajaedatreum,MIXED
varilla,MALAYALAM
ketto,MALAYALAM
nte,MALAYALAM
vaka,MALAYALAM
ellarkum,MALAYALAM
chukavandanam,MALAYALAM
.,SYM
Odiyan,OTHER
iruttinda,MALAYALAM
raja,NAME
Enda,MALAYALAM
ethra,MALAYALAM
Kali,MALAYALAM
kandittulladhaan,MALAYALAM
ne,MALAYALAM
Odiyan,OTHER
odi,OTHER
odi,OTHER
odiyan,OTHER
.,SYM
Katta,MALAYALAM
waiting,ENGLISH
madura,OTHER
raja,NAME
mammokka,NAME
kidu,MALAYALAM
mass,ENGLISH
.,SYM
Tamil,OTHER
Nadu,MALAYALAM
Mohan,NAME
lal,NAME
fans,ENGLISH
hit,ENGLISH
like,ENGLISH
.,SYM
Ikkakkvalla,MALAYALAM
mass,ENGLISH
padavum,MALAYALAM
cheythudeithorumaathiri,MALAYALAM
senticop,ENGLISH
.,SYM
pora,MALAYALAM
.,SYM
Koora,MALAYALAM
Trailer,ENGLISH
jattimaanii,OTHER
padam,MALAYALAM
pottum,MALAYALAM
100percent,NUMBER
lalappaaaaa,MALAYALAM
.,SYM
Ente,MALAYALAM
ponnnuuuuuuu,MALAYALAM
Lalettaaa,NAME
baaki,MALAYALAM
oke,MALAYALAM
kili,MALAYALAM
vannit,MALAYALAM
parayam,MALAYALAM
.,SYM
Cinema,ENGLISH
iragiyittum,MALAYALAM
view,ENGLISH
cheyyunnavar,MALAYALAM
like,ENGLISH
adi,MALAYALAM
.,SYM
kanji,MALAYALAM
adukkatte,MALAYALAM
manikya,OTHER
Kill,ENGLISH
bastard,ENGLISH
sivane,NAME
.,SYM
Prithiraje,NAME
ee,MALAYALAM
pani,MALAYALAM
nirthiko,MALAYALAM
enthon,MALAYALAM
kopile,MALAYALAM
padamado,MALAYALAM
.,SYM
Chandhuvineyum,NAME
pazhashiyekalum,MALAYALAM
mukalil,MALAYALAM
nilkan,MALAYALAM
pokunna,MALAYALAM
oru,MALAYALAM
muthal,MALAYALAM
chandrothe,NAME
ee,MALAYALAM
vellyamamma,MALAYALAM
.,SYM
Maduraraja,NAME
ikka,NAME
okke,MALAYALAM
trailer,ENGLISH
poora,MALAYALAM
Pulimuraganil,OTHER
ninne,MALAYALAM
kure,MALAYALAM
cut,ENGLISH
eduthittiunde,MALAYALAM
Villan,ENGLISH
dadygirija,NAME
Athe,MALAYALAM
irutham,MALAYALAM
.,SYM
Cinema,ENGLISH
vizag,NAME
kandu,MALAYALAM
Polichu,MALAYALAM
Super,ENGLISH
duper,ENGLISH
hit,ENGLISH
.,SYM
Onnpodaaa,MALAYALAM
challenge,ENGLISH
inne,MALAYALAM
undo,MALAYALAM
1,NUMBER
hour,ENGLISH
50,NUMBER
k,ENGLISH
likes,ENGLISH
annn,MALAYALAM
madhara,NAME
rajj,NAME
kalikann,MALAYALAM
venda,MALAYALAM
.,SYM
Poster,ENGLISH
kanditt,MALAYALAM
feel,ENGLISH
good,ENGLISH
anenn,MALAYALAM
karuthi,MALAYALAM
kanathe,MALAYALAM
vitu,MALAYALAM
.,SYM
Mammootty,NAME
fans,ENGLISH
polum,MALAYALAM
like,ENGLISH
adichu,MALAYALAM
pokum,MALAYALAM
adaru,MALAYALAM
trailer,ENGLISH
.,SYM
Lucifer,OTHER
onnil,MALAYALAM
kooduthal,MALAYALAM
thavana,MALAYALAM
kandavar,MALAYALAM
onnu,MALAYALAM
like,ENGLISH
adikku,MALAYALAM
.,SYM
Havy,ENGLISH
havy,ENGLISH
super,ENGLISH
super,ENGLISH
kidu,MALAYALAM
kidu,MALAYALAM
sign,ENGLISH
horns,ENGLISH
sign,ENGLISH
horns,ENGLISH
.,SYM
Trailer,ENGLISH
oru,MALAYALAM
rashilla,MALAYALAM
kili,MALAYALAM
poyi,MALAYALAM
laletta,NAME
poli,MALAYALAM
anitta,NAME
.,SYM
Adhikarappeduthunna,MALAYALAM
gadikaarame,MALAYALAM
Ithu,MALAYALAM
gadikarangal,MALAYALAM
nilakkunna,MALAYALAM
nimisham,NAME
Indian,ENGLISH
cinemayude,MIXED
mugamudhra,MALAYALAM
.,SYM
Raja,NAME
returnssss,ENGLISH
makkaleithu,MALAYALAM
marana,MALAYALAM
mass,ENGLISH
padamaayirikkum,MALAYALAM
.,SYM
Oru,MALAYALAM
poli,MALAYALAM
polikum,MALAYALAM
21n,NUMBER
pooram,MALAYALAM
kanan,MALAYALAM
chry,ENGLISH
abhinaya,NAME
ang,ENGLISH
por,MALAYALAM
.,SYM
endhake,MALAYALAM
paranjalu,MALAYALAM
nammal,MALAYALAM
malayalikalude,MALAYALAM
chungukal,MALAYALAM
lalettanu,MIXED
màmmukkayum,MIXED
thanneyanu,MALAYALAM
laletta,NAME
kkimamukka,NAME
kki,OTHER
.,SYM
Theriyumile,MALAYALAM
.,SYM
Oru,MALAYALAM
BEST,ENGLISH
ACTOR,ENGLISH
feel,ENGLISH
enikk,MALAYALAM
maatramaano,MALAYALAM
adiche,MALAYALAM
.,SYM
Lalettante,MIXED
ittimanikknjanga,MALAYALAM
ikkayude,MIXED
piller,MALAYALAM
vaka,MALAYALAM
best,ENGLISH
luck,ENGLISH
.,SYM
Antony,NAME
perumbavor,PLACE
undaya,MALAYALAM
monemarayirikum,MALAYALAM
dislike,ENGLISH
adikunath,MALAYALAM
.,SYM
Heavy,ENGLISH
trailer,ENGLISH
.,SYM
Ente,MALAYALAM
laletta,NAME
onnum,MALAYALAM
parayanilla,MALAYALAM
ningal,MALAYALAM
mass,ENGLISH
anu,MALAYALAM
ningale,MALAYALAM
pole,MALAYALAM
ningale,MALAYALAM
ullu,MALAYALAM
.,SYM
Police,ENGLISH
ne,MALAYALAM
kuttam,MALAYALAM
parayuna,MALAYALAM
.,SYM
kidu,MALAYALAM
katta,MALAYALAM
waiting,ENGLISH
mamamookkaaaa,NAME
.,SYM
Ittimani,OTHER
mass,ENGLISH
ahnn,MALAYALAM
manasuman,MALAYALAM
.,SYM
Pls,ENGLISH
pls,ENGLISH
pls,ENGLISH
dub,ENGLISH
hindi,OTHER
.,SYM
Raavanaaya,MALAYALAM
avane,MALAYALAM
illamdakkan,MALAYALAM
oru,MALAYALAM
mahaa,MALAYALAM
avatharam,MALAYALAM
thanne,MALAYALAM
vendi,MALAYALAM
varum,MALAYALAM
.,SYM
Enter,ENGLISH
ettaaaaaaaa,NAME
ohh,ENGLISH
onnum,MALAYALAM
parayaan,MALAYALAM
ellaaaaa,MALAYALAM
.,SYM
trailer,ENGLISH
powli,MALAYALAM
aayicinemayum,MIXED
angane,MALAYALAM
thanne,MALAYALAM
aavum,MALAYALAM
enn,MALAYALAM
pratheekshikkunnu,MALAYALAM
.,SYM
Nanmayum,MALAYALAM
nanmayum,MALAYALAM
thammilalla,MALAYALAM
yudhamThinmayum,MALAYALAM
thinmayum,MALAYALAM
thammilaa,MALAYALAM
yudham,MALAYALAM
.,SYM
7m,NUMBER
subcribesundayittum,MIXED
39m,NUMBER
views,ENGLISH
5m,NUMBER
yethikku,MALAYALAM
plz,ENGLISH
kandavar,MALAYALAM
onnum,MALAYALAM
kudi,MALAYALAM
kaanuga,MALAYALAM
.,SYM
Aathirapilli,MALAYALAM
pls,ENGLISH
step,ENGLISH
back,ENGLISH
plz,ENGLISH
Mammookkaa,NAME
.,SYM
Enna,MALAYALAM
bodyaa,OTHER
mamooty,NAME
iniyum,MALAYALAM
oru,MALAYALAM
10,NUMBER
ankathinulla,MALAYALAM
balyam,MALAYALAM
undu,MALAYALAM
.,SYM
Njan,MALAYALAM
mathram,MALAYALAM
aano,MALAYALAM
sunny,NAME
chechiyee,NAME
kaanan,MALAYALAM
vannath,MALAYALAM
Sunny,NAME
chechi,NAME
uyir,MALAYALAM
.,SYM
Super,ENGLISH
trailer,ENGLISH
avasanathe,MALAYALAM
idi,MALAYALAM
super,ENGLISH
But,ENGLISH
BGM,ENGLISH
pulimurugan,OTHER
copy,ENGLISH
.,SYM
Ikkaa,NAME
nigalu,MALAYALAM
mass,ENGLISH
aanu,MALAYALAM
pinnem,MALAYALAM
pinnem,MALAYALAM
irunna,MALAYALAM
kanan,MALAYALAM
thonnuvaa,MALAYALAM
.,SYM
Neerali,MALAYALAM
.,SYM
Mammookka,NAME
Nte,MALAYALAM
Look,ENGLISH
Vere,MALAYALAM
Level,ENGLISH
.,SYM
Etha,MALAYALAM
sherikum,MALAYALAM
Puli,MALAYALAM
Murugan,NAME
polla,MALAYALAM
udaa,MALAYALAM
.,SYM
Dis,ENGLISH
like,ENGLISH
idunna,MALAYALAM
mammuny,OTHER
fansukrude,MIXED
pratheka,MALAYALAM
sradhkkuraajaye,MIXED
kaathu,MALAYALAM
padakkathinte,MALAYALAM
mahaniya,NAME
shekram,NAME
staginte,MIXED
baakil,MALAYALAM
inddu,MALAYALAM
sookshicha,MALAYALAM
dukkkiknda,MALAYALAM
.,SYM
Muslingalk,MALAYALAM
idayilum,MALAYALAM
Xristhanikalk,MALAYALAM
idayilum,MALAYALAM
Hindukalk,MALAYALAM
idayilum,MALAYALAM
Ivanu,MALAYALAM
ore,MALAYALAM
oru,MALAYALAM
pereyylluraja,MALAYALAM
.,SYM
WE,ENGLISH
ARE,ENGLISH
WAITING,ENGLISH
FOR,ENGLISH
DERIC,NAME
ABRAHAM,NAME
.,SYM
ikka,NAME
dlg,ENGLISH
delivery,ENGLISH
oru,MALAYALAM
rakshayumilla,MALAYALAM
love,ENGLISH
uuuhhhhh,OTHER
ikkaaaaa,NAME
.,SYM
Niceikka,MALAYALAM
mass,ENGLISH
All,ENGLISH
th,ENGLISH
bst,ENGLISH
lalettan,NAME
fan,ENGLISH
.,SYM
Kerala,PLACE
puthya,MALAYALAM
keralam,PLACE
ayrkum,MALAYALAM
bilal,NAME
pazya,MALAYALAM
bilal,NAME
tahneee,MALAYALAM
ikka,NAME
.,SYM
Yudham,MALAYALAM
Nanmayum,MALAYALAM
Thinmayum,MALAYALAM
thammilalla,MALAYALAM
Thinmayum,MALAYALAM
Thinmayum,MALAYALAM
thammilanu,MALAYALAM
.,SYM
Dislike,ENGLISH
adichu,MALAYALAM
kuru,MALAYALAM
pottikkunnavarkk,MALAYALAM
kurupottalaathi,MALAYALAM
kodukkapedum,MALAYALAM
thall,ENGLISH
moopan,MALAYALAM
.,SYM
Views,ENGLISH
25k,NUMBER
aayitolu,MALAYALAM
like,ENGLISH
77k,NUMBER
youtubine,MIXED
vattayo,MALAYALAM
.,SYM
I,ENGLISH
katta,MALAYALAM
waiting,ENGLISH
odiyan,OTHER
.,SYM
Vishukk,MALAYALAM
entha,MALAYALAM
special,ENGLISH
enn,MALAYALAM
aarelum,MALAYALAM
chodichaal,MALAYALAM
ad,OTHER
madhuraraaja,NAME
aanenn,MALAYALAM
paranjeer,MALAYALAM
.,SYM
Mohanlal,NAME
sir,ENGLISH
masss,ENGLISH
I,ENGLISH
tamilnadu,PLACE
fan,ENGLISH
.,SYM
Mammookka,NAME
fans,ENGLISH
inu,MALAYALAM
like,ENGLISH
adikkan,MALAYALAM
ulla,MALAYALAM
comment,ENGLISH
.,SYM
Titles,ENGLISH
look,ENGLISH
like,ENGLISH
HOBBSS,ENGLISH
AND,ENGLISH
SHAWS,ENGLISH
FAST,ENGLISH
AND,ENGLISH
FURIOUS,ENGLISH
.,SYM
Etu,OTHER
lucifere,OTHER
polichu,MALAYALAM
adukum,MALAYALAM
Raja,NAME
return,ENGLISH
daa,MALAYALAM
.,SYM
Ikka,NAME
muthanu,MALAYALAM
prayam,MALAYALAM
koodunthorum,MALAYALAM
kooduthal,MALAYALAM
monjan,MALAYALAM
.,SYM
Trailer,ENGLISH
Kandu,MALAYALAM
thudangyalo,MALAYALAM
79M,NUMBER
views,ENGLISH
aarunu,MALAYALAM
Kandu,MALAYALAM
kazinjapo,MALAYALAM
8M,NUMBER
aayi,MALAYALAM
exploding,ENGLISH
head,ENGLISH
.,SYM
CHEKUTHANMARUDE,MALAYALAM
RAJAVU,MALAYALAM
LUCIFER,OTHER
lalettan,NAME
rajuvettan,NAME
romanchification,MIXED
.,SYM
Oru,MALAYALAM
100cr,NUMBER
koody,MALAYALAM
njnga,MALAYALAM
Ing,ENGLISH
aduthu,MALAYALAM
EIDMUBARAK,NAME
.,SYM
Age,ENGLISH
number,ENGLISH
ikka,NAME
.,SYM
Ethu,MALAYALAM
powlikkum,MALAYALAM
maduraraja,NAME
yum,MALAYALAM
puliyum,MALAYALAM
myrumonnumalla,MALAYALAM
nammukke,MALAYALAM
vendate,MALAYALAM
immatiri,MALAYALAM
items,ENGLISH
aane,MALAYALAM
.,SYM
100,NUMBER
200,NUMBER
crore,ENGLISH
club,ENGLISH
il,MALAYALAM
keeriyillelum,MALAYALAM
padam,MALAYALAM
super,ENGLISH
aayal,MALAYALAM
mathi,MALAYALAM
naangalkk,MALAYALAM
Love,ENGLISH
Ikka,NAME
Love,ENGLISH
Laletta,NAME
.,SYM
Angane,MALAYALAM
murukante,MIXED
karyathil,MALAYALAM
Oru,MALAYALAM
teerumanam,MALAYALAM
ayii,MALAYALAM
.,SYM
Malayalathinte,MALAYALAM
swandham,MALAYALAM
lalettanu,MIXED
kerala,PLACE
dulquar,NAME
salman,NAME
fansinte,MIXED
vijayasamshagal,MALAYALAM
.,SYM
Endo,MALAYALAM
aa,MALAYALAM
dilouge,ENGLISH
delivery,ENGLISH
endo,MALAYALAM
pole,MALAYALAM
.,SYM
Odiyanil,OTHER
poya,MALAYALAM
pratheeksha,MALAYALAM
luciferin,OTHER
thannekkua,MALAYALAM
Ettaminnichekkane,MALAYALAM
.,SYM
Trailer,ENGLISH
20,NUMBER
ill,MALAYALAM
kooduthal,MALAYALAM
kandavar,MALAYALAM
like,ENGLISH
.,SYM
Lalletan,NAME
fans,ENGLISH
ellarum,MALAYALAM
like,ENGLISH
adich,MALAYALAM
power,ENGLISH
kanikke,MALAYALAM
.,SYM
Ini,MALAYALAM
aaanu,MALAYALAM
kali,MALAYALAM
trailer,ENGLISH
kalakki,MALAYALAM
expectations,ENGLISH
.,SYM
2019,NUMBER
November,ENGLISH
Ill,MALAYALAM
ith,MALAYALAM
kanan,MALAYALAM
vannavar,MALAYALAM
undo,MALAYALAM
.,SYM
Tamil,OTHER
Nadu,MALAYALAM
fans,ENGLISH
Vera,MALAYALAM
level,ENGLISH
machi,MALAYALAM
trailer,ENGLISH
.,SYM
tovi,NAME
mwthinte,MALAYALAM
mass,ENGLISH
kannnan,MALAYALAM
vannavar,MALAYALAM
undo,MALAYALAM
.,SYM
Cinema,ENGLISH
kanditum,MALAYALAM
idakku,MALAYALAM
idakku,MALAYALAM
keri,MALAYALAM
trailer,ENGLISH
kanund,MALAYALAM
.,SYM
Superbly,ENGLISH
done,ENGLISH
Vyshak,NAME
sir,ENGLISH
.,SYM
Lucifer,OTHER
Madhurarajayekkal,MIXED
ishtamayavar,MALAYALAM
Like,ENGLISH
Madhuraraja,NAME
Luciferineikal,OTHER
ishtamayavar,MALAYALAM
comment,ENGLISH
Nammukku,MALAYALAM
nokkam,MALAYALAM
aaru,MALAYALAM
jayikumennu,MALAYALAM
.,SYM
Cinema,ENGLISH
kandit,MALAYALAM
vannu,MALAYALAM
trailer,ENGLISH
kanunna,MALAYALAM
ethraperund,MALAYALAM
evde,MALAYALAM
.,SYM
Marana,MALAYALAM
maasss,ENGLISH
feeel,ENGLISH
trailer,ENGLISH
Padathinum,MALAYALAM
ad,OTHER
kittiyal,MALAYALAM
polikum,MALAYALAM
.,SYM
Trailer,ENGLISH
erengunenu,MALAYALAM
mumb,MALAYALAM
52k,NUMBER
dislike,ENGLISH
adichavanmark,MALAYALAM
ente,MALAYALAM
naduviral,MALAYALAM
namaskaram,MALAYALAM
.,SYM
Peru,MALAYALAM
orkunnilla,MALAYALAM
Oru,MALAYALAM
english,ENGLISH
film,ENGLISH
orma,MALAYALAM
vannu,MALAYALAM
.,SYM
Pulimurugan,OTHER
pole,MALAYALAM
thane,MALAYALAM
und,MALAYALAM
set,ENGLISH
onnu,MALAYALAM
Matti,MALAYALAM
pidikarnnu,MALAYALAM
.,SYM
Poojapura,MALAYALAM
mohanan,NAME
fans,ENGLISH
moonchi,ENGLISH
ikka,NAME
poli,MALAYALAM
.,SYM
OVER,ENGLISH
HYPE,ENGLISH
KODUTH,MALAYALAM
EE,MALAYALAM
OOLA,MALAYALAM
PADATINU,MALAYALAM
VENDI,MALAYALAM
TALLIYA,MALAYALAM
ELLA,MALAYALAM
OOMBANMARAYA,MALAYALAM
LALAPPAN,OTHER
FANSINTE,MIXED
KARANAKUTTIK,MALAYALAM
NOKI,MALAYALAM
ONN,MALAYALAM
POTTIKAN,MALAYALAM
TONUNNAVAR,MALAYALAM
LIKE,ENGLISH
EDUKA,MALAYALAM
.,SYM
Enna,MALAYALAM
njan,MALAYALAM
oru,MALAYALAM
kaaryam,MALAYALAM
parayatteee,MALAYALAM
padam,MALAYALAM
pottumodiyan,MALAYALAM
avashtha,MALAYALAM
aavummark,MALAYALAM
words,ENGLISH
.,SYM
Kandittum,MALAYALAM
kandittum,MALAYALAM
madhiyaavunnillallo,MALAYALAM
deyvameEnte,MALAYALAM
laletta,NAME
ningal,MALAYALAM
star,ENGLISH
alla,MALAYALAM
oru,MALAYALAM
GALAXY,ENGLISH
aanu,MALAYALAM
.,SYM
One,ENGLISH
mammangam,OTHER
loading,ENGLISH
.,SYM
Njan,MALAYALAM
poye,MALAYALAM
kanan,MALAYALAM
mammookkaye,MIXED
al,ENGLISH
wahdha,NAME
MALL,ENGLISH
njan,MALAYALAM
kandu,MALAYALAM
.,SYM
Ee,MALAYALAM
like,ENGLISH
button,ENGLISH
oru,MALAYALAM
thavanaye,MALAYALAM
adikkaan,MALAYALAM
pattu,MALAYALAM
allee,MALAYALAM
.,SYM
27k,NUMBER
unlike,ENGLISH
adicha,MALAYALAM
pengalepanni,MALAYALAM
makkalkku,MALAYALAM
ente,MALAYALAM
naduviral,MALAYALAM
namaskaram,MALAYALAM
.,SYM
Happy,ENGLISH
birthday,ENGLISH
Mammookkaa,NAME
.,SYM
Veendum,MALAYALAM
veendum,MALAYALAM
kanunnavar,MALAYALAM
like,ENGLISH
adii,MALAYALAM
makkalae,MALAYALAM
.,SYM
Waiting,ENGLISH
cr,ENGLISH
film,ENGLISH
mammukka,NAME
.,SYM
Trailer,ENGLISH
oru,MALAYALAM
spark,ENGLISH
aakunnilla,MALAYALAM
But,ENGLISH
still,ENGLISH
waiting,ENGLISH
.,SYM
Ethinokke,MALAYALAM
dislike,ENGLISH
adikkunnavar,MALAYALAM
aan,MALAYALAM
malayala,MALAYALAM
cinimayuday,MIXED
shapam,MALAYALAM
person,OTHER
facepalming,OTHER
‍,OTHER
.,SYM
Aha,MALAYALAM
aha,MALAYALAM
nalla,MALAYALAM
kidilan,MALAYALAM
thalavettu,MALAYALAM
.,SYM
vijaricha,MALAYALAM
Pola,MALAYALAM
allallo,MALAYALAM
kidu,MALAYALAM
analla,MALAYALAM
.,SYM
Mass,ENGLISH
kola,MALAYALAM
masssss,ENGLISH
Tovino,NAME
polichadukiiiii,MALAYALAM
Tovino,NAME
uyirr,MALAYALAM
annuu,MALAYALAM
.,SYM
Annyaayam,MALAYALAM
ROMANJAM,MALAYALAM
ikkaaaaaaaa,NAME
.,SYM
Sunny,NAME
chechinte,NAME
song,ENGLISH
kelkkan,MALAYALAM
waiting,ENGLISH
.,SYM
John,NAME
Abraham,NAME
Palakkal,PLACE
Marana,MALAYALAM
Mass,ENGLISH
Mammookka,NAME
.,SYM
Adichu,MALAYALAM
makkale,MALAYALAM
10M,NUMBER
Epozhm,MALAYALAM
trailer,ENGLISH
kanunnavar,MALAYALAM
undo,MALAYALAM
.,SYM
within,ENGLISH
3hrs,NUMBER
212k,NUMBER
views,ENGLISH
.,SYM
Oru,MALAYALAM
aradhakan,MALAYALAM
avanayi,MALAYALAM
oru,MALAYALAM
katha,MALAYALAM
menanju,NAME
Aradhakan,MALAYALAM
stronganekill,MIXED
avan,MALAYALAM
double,ENGLISH
strong,ENGLISH
anu,MALAYALAM
prithvilalettan,MIXED
.,SYM
Sira,NAME
avan,MALAYALAM
shardichu,MALAYALAM
Pakshe,MALAYALAM
maala,MALAYALAM
kittila,MALAYALAM
Ini,MALAYALAM
idikkano,MALAYALAM
Venda,MALAYALAM
kutta,MALAYALAM
oruttam,MALAYALAM
.,SYM
All,ENGLISH
best,ENGLISH
mammokka,NAME
Team,ENGLISH
mamangam,OTHER
Mammokka,NAME
fans,ENGLISH
like,ENGLISH
sign,ENGLISH
horns,ENGLISH
.,SYM
Wowww,ENGLISH
Amazing,ENGLISH
Katta,MALAYALAM
waiting,ENGLISH
Ikka,NAME
unni,NAME
Super,ENGLISH
.,SYM
Muvattupuzha,PLACE
kaaaar,OTHER
ondo,MALAYALAM
Ee,MALAYALAM
padam,MALAYALAM
shoot,ENGLISH
cheytat,MALAYALAM
ivadaaanu,MALAYALAM
.,SYM
Capable,ENGLISH
actress,ENGLISH
nte,MALAYALAM
nirayilekk,MALAYALAM
baby,ENGLISH
mol,MALAYALAM
varumennullavar,MALAYALAM
.,SYM
Odiyane,OTHER
thakarkkan,MALAYALAM
kanji,MALAYALAM
vilambi,MALAYALAM
nadannavarkku,MALAYALAM
ulla,MALAYALAM
chicken,ENGLISH
biriyanioru,MALAYALAM
biriyani,ENGLISH
edukkatte,MALAYALAM
chetta,NAME
.,SYM
mamuka,NAME
super,ENGLISH
unda,MALAYALAM
super,ENGLISH
.,SYM
Atom,ENGLISH
bomb,ENGLISH
.,SYM
This,ENGLISH
I,ENGLISH
needed,MALAYALAM
laletta,NAME
rajuvetta,NAME
.,SYM
Mammokka,NAME
ponnikka,MIXED
happy,ENGLISH
birthday,ENGLISH
love,ENGLISH
.,SYM
Lalettan,NAME
annum,MALAYALAM
innum,MALAYALAM
ennum,MALAYALAM
mollywood,ENGLISH
raja,NAME
.,SYM
ingeru,MALAYALAM
karanam,MALAYALAM
abhimanikkam,MALAYALAM
oroo,MALAYALAM
malayalikkum,MALAYALAM
.,SYM
I,ENGLISH
like,ENGLISH
dulqer,NAME
Salman,NAME
mummooka,MALAYALAM
acting,ENGLISH
.,SYM
Kalki,OTHER
TovinoThomas,NAME
look,ENGLISH
Vera,MALAYALAM
Level,ENGLISH
.,SYM
Pisharadoyude,MALAYALAM
padathil,MALAYALAM
abinayikan,MALAYALAM
kanicha,MALAYALAM
manasundaloo,MALAYALAM
athanu,MALAYALAM
mamooka,NAME
.,SYM
Aval,MALAYALAM
aa,MALAYALAM
kadele,MALAYALAM
freezer,ENGLISH
il,MALAYALAM
alle,MALAYALAM
Ithipo,MALAYALAM
kadha,MALAYALAM
motham,MALAYALAM
ondallo,MALAYALAM
trailer,ENGLISH
il,MALAYALAM
.,SYM
Lucifer,OTHER
3rd,NUMBER
viewed,ENGLISH
Malayalam,MALAYALAM
trailer,ENGLISH
aayi,MALAYALAM
After,ENGLISH
aadu,MALAYALAM
2,NUMBER
bahubali,OTHER
.,SYM
Ithu,MALAYALAM
Tamil,OTHER
movie,ENGLISH
ah,OTHER
illa,MALAYALAM
Malayalam,MALAYALAM
movie,ENGLISH
ah,OTHER
Mostly,ENGLISH
Tamil,OTHER
dialogue,ENGLISH
Malayalam,MALAYALAM
slang,ENGLISH
P,OTHER
.,SYM
Oru,MALAYALAM
rekshayum,MALAYALAM
illa,MALAYALAM
makkale,MALAYALAM
poliiiii,MALAYALAM
action,ENGLISH
scenes,ENGLISH
.,SYM
Ith,MALAYALAM
arabikkadalinte,MALAYALAM
simhamalla,MALAYALAM
Hippo,MALAYALAM
PottamaasKunjali,MALAYALAM
marakkare,OTHER
Baahubali,OTHER
dressokke,ENGLISH
itt,ENGLISH
priyadarshan,NAME
abhamanikkunnuCashing,MALAYALAM
vendi,MALAYALAM
charithrathe,MALAYALAM
Valachodikkunnu,MALAYALAM
.,SYM
Ittymaani,OTHER
trailer,ENGLISH
polichuu,MALAYALAM
aarokke,MALAYALAM
ittymaani,OTHER
fds,ENGLISH
pokunnund,MALAYALAM
like,ENGLISH
adi,MALAYALAM
.,SYM
Meraa,MALAYALAM
ghar,ENGLISH
west,ENGLISH
bungal,OTHER
love,ENGLISH
mammookka,NAME
.,SYM
Trailer,ENGLISH
kanditt,MALAYALAM
padam,MALAYALAM
hit,ENGLISH
aanenn,MALAYALAM
thonnunnu,MALAYALAM
.,SYM
l,OTHER
like,ENGLISH
mammooty,NAME
sir,ENGLISH
filim,ENGLISH
.,SYM
Nta,MALAYALAM
daivamme,MALAYALAM
Ponnu,MALAYALAM
laletta,NAME
ningal,MALAYALAM
muthannu,MALAYALAM
.,SYM
NEERALI,MALAYALAM
TRAILER,ENGLISH
945K,NUMBER
VIEWS,ENGLISH
ABRAHAMINTE,NAME
SANTHATHIKAL,MALAYALAM
2million,NUMBER
VIEWD,ENGLISH
.,SYM
Adutha,MALAYALAM
masterpiece,ENGLISH
aavum,MALAYALAM
mammookkayude,MIXED
prithvi,NAME
.,SYM
Vere,MALAYALAM
level,ENGLISH
love,ENGLISH
laletta,NAME
starstruck,OTHER
.,SYM
Mollywood,ENGLISH
stylish,ENGLISH
aavanmenkil,MALAYALAM
namude,MALAYALAM
ikka,NAME
tanne,MALAYALAM
varanam,MALAYALAM
mega,ENGLISH
star,ENGLISH
.,SYM
simha,NAME
thailvaaaaaaaa,MALAYALAM
ie,ENGLISH
pravasham,MALAYALAM
double,ENGLISH
strongalla,MIXED
triple,ENGLISH
strong,ENGLISH
raja,NAME
solunathdanda,MALAYALAM
seyuve,ENGLISH
seyunate,ENGLISH
mathram,MALAYALAM
soluve,ENGLISH
mammmoookkaa,NAME
polikkum,MALAYALAM
.,SYM
THE,ENGLISH
KING,ENGLISH
IS,ENGLISH
BACK,ENGLISH
BORN,ENGLISH
TO,ENGLISH
WIN,ENGLISH
.,SYM
Kashtapettu,MALAYALAM
Unlike,ENGLISH
cheyyunnavar,MALAYALAM
aaruda,MALAYALAM
fans,ENGLISH
ennathinu,MALAYALAM
samsayamilla,MALAYALAM
iniyatra,MALAYALAM
unlike,ENGLISH
adichalum,MALAYALAM
avarkariyam,MALAYALAM
Padam,MALAYALAM
records,ENGLISH
bedikumennu,MALAYALAM
.,SYM
Last,ENGLISH
thalaiva,OTHER
tonum,MALAYALAM
ikkante,MIXED
jumbum,MALAYALAM
.,SYM
Saleem,NAME
Kumarinu,NAME
old,ENGLISH
look,ENGLISH
Pokkiri,OTHER
Rajayile,MIXED
look,ENGLISH
aayirunnu,MALAYALAM
kooduthal,MALAYALAM
chercha,MALAYALAM
.,SYM
Pakkadane,MALAYALAM
pore,OTHER
kaliyude,MALAYALAM
aattathe,OTHER
march,ENGLISH
28,NUMBER
.,SYM
144,NUMBER
mammookkkkaaa,NAME
Mammookkkaa,NAME
Unni,NAME
mugundhan,NAME
okkee,MALAYALAM
endhuuu,MALAYALAM
.,SYM
Manjuival,NAME
ithilum,MALAYALAM
ondooo,MALAYALAM
naashamapo,MALAYALAM
ee,MALAYALAM
padavum,MALAYALAM
njjn,MALAYALAM
kaanunnilaa,MALAYALAM
.,SYM
Lalettan,NAME
fans,ENGLISH
Tamilnadu,PLACE
like,ENGLISH
.,SYM
theriyumilleRaja,MALAYALAM
seyyarthu,OTHER
tha,OTHER
solluvasollarthu,OTHER
mattum,OTHER
tha,OTHER
solluva,OTHER
.,SYM
Ith,MALAYALAM
orumathiri,MALAYALAM
thelungu,OTHER
padam,MALAYALAM
pole,MALAYALAM
undallo,MALAYALAM
.,SYM
Oru,MALAYALAM
pakshe,MALAYALAM
yennum,MALAYALAM
oru,MALAYALAM
thavana,MALAYALAM
yenkilum,MALAYALAM
minimum,ENGLISH
ellaarum,MALAYALAM
kaanunna,MALAYALAM
trailer,ENGLISH
Ithaayirikkum,MALAYALAM
doubt,ENGLISH
.,SYM
Muthaaapoooyyyyy,MALAYALAM
hoooooooooo,MALAYALAM
yyyyyyyyyyyyyyy,OTHER
odiyan,OTHER
loading,ENGLISH
.,SYM
MEGASTAR,ENGLISH
MAMMOOTTY,NAME
MAMANGAM,OTHER
M,OTHER
PADMAKUMAR,NAME
MALAYALAM,MALAYALAM
MOVIE,ENGLISH
.,SYM
Ndh,MALAYALAM
kadippada,MALAYALAM
13k,NUMBER
dislike,ENGLISH
adichavark,MALAYALAM
Nallath,MALAYALAM
kanda,MALAYALAM
nallathenne,MALAYALAM
parayanm,MALAYALAM
Atra,MALAYALAM
chorinnindanki,MALAYALAM
valla,MALAYALAM
mullu,MALAYALAM
murikinm,MALAYALAM
ker,ENGLISH
myrole,ENGLISH
.,SYM
Luv,ENGLISH
u,ENGLISH
laletta,NAME
katta,MALAYALAM
fans,ENGLISH
undoprithviraj,NAME
fans,ENGLISH
hit,ENGLISH
like,ENGLISH
.,SYM
dislike,ENGLISH
adicha,MALAYALAM
95,NUMBER
k,ENGLISH
dislikeolikalkkulla,OTHER
adi,MALAYALAM
kodukkanulla,MALAYALAM
nool,MALAYALAM
.,SYM
Kurch,MALAYALAM
colour,ENGLISH
koodi,MALAYALAM
poyo,MALAYALAM
ennoru,MALAYALAM
samshayam,MALAYALAM
.,SYM
Cinima,ENGLISH
hitt,ENGLISH
akumenn,MALAYALAM
karutunnavar,MALAYALAM
like,ENGLISH
.,SYM
Video,ENGLISH
hay,ENGLISH
nhung,OTHER
sao,OTHER
lai,OTHER
danh,OTHER
nhau,MALAYALAM
vay,MALAYALAM
.,SYM
Charithra,MALAYALAM
cinema,ENGLISH
cheyyan,MALAYALAM
annum,MALAYALAM
innum,MALAYALAM
mammukkaye,MIXED
vellan,MALAYALAM
oruthanum,MALAYALAM
illa,MALAYALAM
Kidiloski,OTHER
trailer,ENGLISH
.,SYM
13,NUMBER
k,ENGLISH
dislike,ENGLISH
adichath,MALAYALAM
eath,MALAYALAM
kundamaran,MALAYALAM
.,SYM
ithu,MALAYALAM
pwolikkum,MALAYALAM
sudaani,NAME
nigeria,MALAYALAM
movie,ENGLISH
eavdokyo,MALAYALAM
manasil,MALAYALAM
oodi,MALAYALAM
vannu,MALAYALAM
.,SYM
Good,ENGLISH
luck,ENGLISH
ikka,NAME
lalattan,NAME
fan,ENGLISH
.,SYM
T,OTHER
H,OTHER
E,MALAYALAM
C,OTHER
O,OTHER
M,OTHER
P,OTHER
L,OTHER
E,MALAYALAM
T,OTHER
E,MALAYALAM
A,OTHER
C,OTHER
T,OTHER
O,OTHER
R,OTHER
.,SYM
Super,ENGLISH
ikka,NAME
hbd,ENGLISH
der,ENGLISH
mammukka,NAME
.,SYM
Trailer,ENGLISH
yethra,MALAYALAM
pravashyam,MALAYALAM
kandenn,MALAYALAM
yenikkane,MALAYALAM
ariyilla,MALAYALAM
.,SYM
Sheriya,MALAYALAM
eattante,MIXED
eathra,MALAYALAM
kali,MALAYALAM
namallu,MALAYALAM
kandittullatha,MALAYALAM
hehe,ENGLISH
.,SYM
Enna,MALAYALAM
lookanu,MIXED
ikka,NAME
U,ENGLISH
r,OTHER
best,ENGLISH
.,SYM
Ikka,NAME
ki,OTHER
jai,NAME
powli,MALAYALAM
trailer,ENGLISH
onum,MALAYALAM
parayan,MALAYALAM
ella,MALAYALAM
super,ENGLISH
masss,ENGLISH
.,SYM
Oru,MALAYALAM
raksha,MALAYALAM
yil,MALAYALAM
Laleetan,NAME
polichuuu,MALAYALAM
rajuettan,NAME
nega,ENGLISH
vare,MALAYALAM
level,ENGLISH
annuuuu,MALAYALAM
.,SYM
Happy,ENGLISH
New,ENGLISH
Year,ENGLISH
LalettaCinema,MIXED
kandukettoLove,MALAYALAM
u,ENGLISH
.,SYM
SaMbaVaM,MALAYALAM
KiduKki,MALAYALAM
FiGht,ENGLISH
Parappich,MALAYALAM
Parappich,MALAYALAM
ThElUng,OTHER
kadakkuo,MALAYALAM
thinking,OTHER
face,OTHER
.,SYM
box,ENGLISH
office,ENGLISH
nte,MALAYALAM
kaaryathil,MALAYALAM
oru,MALAYALAM
theerumaanamaaay,MALAYALAM
.,SYM
Arenkilum,MALAYALAM
oru,MALAYALAM
karayam,MALAYALAM
sredhicho,MALAYALAM
narasimham,MALAYALAM
film,ENGLISH
ile,MALAYALAM
bgm,ENGLISH
puthiya,MALAYALAM
rupathilakki,MALAYALAM
.,SYM
Tovino,NAME
machanzz,OTHER
oru,MALAYALAM
rakshayumilla,MALAYALAM
waiting,ENGLISH
kalkki,MALAYALAM
.,SYM
Robot,ENGLISH
comedy,ENGLISH
super,ENGLISH
nit,MALAYALAM
fame,ENGLISH
Sooraj,NAME
aanenn,MALAYALAM
aarkkokke,MALAYALAM
ariyam,MALAYALAM
.,SYM
Mamangam,OTHER
oru,MALAYALAM
mamangamaayi,OTHER
thanne,MALAYALAM
kondadum,MALAYALAM
great,ENGLISH
.,SYM
That,ENGLISH
“,OTHER
vada,MALAYALAM
“,OTHER
vili,MALAYALAM
ettan,NAME
.,SYM
Mammooka,NAME
Abudhabi,PLACE
trailer,ENGLISH
madura,OTHER
raja,NAME
.,SYM
aaahaaaa,MALAYALAM
negative,ENGLISH
comment,ENGLISH
aayi,MALAYALAM
kure,MALAYALAM
pannikal,MALAYALAM
vannallllloooo,MALAYALAM
.,SYM
Dileepettante,MIXED
kudumba,MALAYALAM
cinema,ENGLISH
kaathirikkunnavar,MALAYALAM
please,ENGLISH
like,ENGLISH
.,SYM
Ithu,MALAYALAM
polikkum,MALAYALAM
surajin,MIXED
kodukk,MALAYALAM
oru,MALAYALAM
like,ENGLISH
.,SYM
Vedikettuee,MALAYALAM
vecation,ENGLISH
Lucifer,OTHER
kondupoyi,MALAYALAM
makkaleLalettan,MIXED
Rajuettan,NAME
.,SYM
Chila,MALAYALAM
undertaker,ENGLISH
toon,ENGLISH
aduku,MALAYALAM
manakunondu,MALAYALAM
sradhichu,MALAYALAM
kakanaam,MALAYALAM
.,SYM
Aha,MALAYALAM
ithu,MALAYALAM
pulimurugan,OTHER
trailer,ENGLISH
pole,MALAYALAM
undallo,MALAYALAM
Aghane,MALAYALAM
thonnivar,MALAYALAM
adi,MALAYALAM
like,ENGLISH
.,SYM
Trailer,ENGLISH
nte,MALAYALAM
pokku,MALAYALAM
kandattu,MALAYALAM
valya,MALAYALAM
pratheeksha,MALAYALAM
illa,MALAYALAM
nammade,MALAYALAM
george,NAME
ettans,ENGLISH
pole,MALAYALAM
.,SYM
Onnum,MALAYALAM
parayanilla,MALAYALAM
ikka,NAME
ee,MALAYALAM
role,ENGLISH
polichadakkum,MALAYALAM
enn,MALAYALAM
sure,ENGLISH
.,SYM
dis,ENGLISH
like,ENGLISH
adikkunnavanmark,MALAYALAM
ethire,MALAYALAM
like,ENGLISH
adikkan,MALAYALAM
button,ENGLISH
.,SYM
Malayala,MALAYALAM
cinemayude,MIXED
range,ENGLISH
enthanen,MALAYALAM
ariyan,MALAYALAM
erikkunathe,MALAYALAM
ullu,MALAYALAM
MAMANGAM,OTHER
.,SYM
Poli,MALAYALAM
L,OTHER
.,SYM
inn,MALAYALAM
poyi,MALAYALAM
padam,MALAYALAM
kandu,MALAYALAM
ufffffff,OTHER
oru,MALAYALAM
rakshayum,MALAYALAM
illa,MALAYALAM
poliii,MALAYALAM
.,SYM
Cherudaaytt,MALAYALAM
thegreatfather,ENGLISH
bgm,ENGLISH
vanno,MALAYALAM
ennoru,MALAYALAM
doubt,ENGLISH
first,ENGLISH
.,SYM
Malayala,MALAYALAM
cinemayude,MIXED
Ore,MALAYALAM
oru,MALAYALAM
Rajavu,MALAYALAM
Lalettan,NAME
.,SYM
Story,ENGLISH
ere,MALAYALAM
kore,MALAYALAM
pidi,MALAYALAM
kitti,MALAYALAM
kazhinju,MALAYALAM
.,SYM
Mass,ENGLISH
trailer,ENGLISH
Lalettaaaaa,NAME
oru,MALAYALAM
rakshayumilla,MALAYALAM
Pwolichu,MALAYALAM
Lalettan,NAME
muthaanu,MALAYALAM
Prithvi,NAME
sarikum,MALAYALAM
njettichu,MALAYALAM
LalettanprithviLuciferblockbuster,OTHER
Lalettan,NAME
ishtam,MALAYALAM
.,SYM
Itrayum,MALAYALAM
nalla,MALAYALAM
Padam,MALAYALAM
ee,MALAYALAM
oola,MALAYALAM
channelil,MIXED
enthinna,MALAYALAM
ittee,MALAYALAM
.,SYM
503k,NUMBER
madura,OTHER
raja,NAME
teaser,ENGLISH
.,SYM
Avasanam,MALAYALAM
oru,MALAYALAM
superman,ENGLISH
puchu,OTHER
ude,MALAYALAM
mamukka,NAME
powlikum,MALAYALAM
kude,MALAYALAM
madura,OTHER
rajayum,MIXED
.,SYM
E,MALAYALAM
trailornu,ENGLISH
unlike,ENGLISH
adicha,MALAYALAM
ella,MALAYALAM
oolakalkum,MALAYALAM
.,SYM
Pls,ENGLISH
dub,ENGLISH
tamil,OTHER
.,SYM
Eee,MALAYALAM
padam,MALAYALAM
ettu,OTHER
nilayil,MALAYALAM
moonchum,MALAYALAM
.,SYM
Trailer,ENGLISH
kand,MALAYALAM
chiri,MALAYALAM
vannavar,MALAYALAM
ivide,MALAYALAM
like,ENGLISH
adi,MALAYALAM
.,SYM
pulimurukan,OTHER
trailer,ENGLISH
ano,MALAYALAM
kanunath,MALAYALAM
thinking,OTHER
face,OTHER
.,SYM
Trailer,ENGLISH
kandal,MALAYALAM
ariyam,MALAYALAM
nalla,MALAYALAM
oombiya,MALAYALAM
padam,MALAYALAM
aanunn,MALAYALAM
.,SYM
lov,ENGLISH
uuuuuuuuuu,ENGLISH
etttaaaaaaa,NAME
romajam,MALAYALAM
vanu,MALAYALAM
chavum,MALAYALAM
.,SYM
No,ENGLISH
raksha,MALAYALAM
mammokka,NAME
poli,MALAYALAM
ikka,NAME
fans,ENGLISH
like,ENGLISH
.,SYM
Pridhviraj,NAME
Sukumaran,NAME
You,ENGLISH
genius,ENGLISH
.,SYM
Uff,OTHER
uff,OTHER
uff,OTHER
ijjadi,MALAYALAM
ikaaaaaaaaaaaaa,NAME
ponnikkkaaaaaaaa,MIXED
.,SYM
Ithrayum,MALAYALAM
predisha,NAME
koduthittu,MALAYALAM
adutha,MALAYALAM
odiyan,OTHER
akathirunna,MALAYALAM
mathiyayirunnu,MALAYALAM
zany,OTHER
face,OTHER
zany,OTHER
face,OTHER
.,SYM
2,NUMBER
million,ENGLISH
viewrs,ENGLISH
ufff,OTHER
mammookka,NAME
.,SYM
Kgf,OTHER
poleyulla,MALAYALAM
padam,MALAYALAM
kanda,MALAYALAM
feel,ENGLISH
kidilam,MALAYALAM
.,SYM
Tamil,OTHER
la,OTHER
dubbing,ENGLISH
panni,MALAYALAM
relese,ENGLISH
pannunga,OTHER
.,SYM
enthu,MALAYALAM
myru,MALAYALAM
dailogado,MIXED
ikkayude,MIXED
ketitile,MALAYALAM
athu,MALAYALAM
pole,MALAYALAM
para,MALAYALAM
mo,OTHER
e,MALAYALAM
.,SYM
Jayasurya,NAME
MASS,ENGLISH
Look,ENGLISH
And,ENGLISH
super,ENGLISH
trailer,ENGLISH
.,SYM
Kola,MALAYALAM
mass,ENGLISH
ennu,MALAYALAM
thoniyavar,MALAYALAM
evdea,MALAYALAM
like,ENGLISH
adiku,MALAYALAM
.,SYM
Please,ENGLISH
koi,OTHER
bantyega,OTHER
movie,ENGLISH
ki,OTHER
release,ENGLISH
date,ENGLISH
kya,OTHER
hai,OTHER
.,SYM
Venda,MALAYALAM
kuttaa,MALAYALAM
uruttaam,MALAYALAM
Ufffff,OTHER
.,SYM
Raja,NAME
2,NUMBER
teaserinu,MIXED
shesham,MALAYALAM
kaanunnnavar,MALAYALAM
like,ENGLISH
.,SYM
Padam,MALAYALAM
kazhinju,MALAYALAM
trailer,ENGLISH
veendum,MALAYALAM
kandavar,MALAYALAM
like,ENGLISH
adikku,MALAYALAM
Padam,MALAYALAM
trailer,ENGLISH
pole,MALAYALAM
alla,MALAYALAM
.,SYM
nivin,NAME
pauli,NAME
annel,MALAYALAM
ithe,MALAYALAM
oru,MALAYALAM
onnonnara,MALAYALAM
Padam,MALAYALAM
ayene,MALAYALAM
.,SYM
Nannayi,MALAYALAM
onnu,MALAYALAM
poliyunna,MALAYALAM
lakshnm,NAME
undeThrill,MALAYALAM
maintain,ENGLISH
cheyan,MALAYALAM
ayillenkil,MALAYALAM
.,SYM
27k,NUMBER
dislike,ENGLISH
adichaaa,MALAYALAM
teamsne,ENGLISH
polikkunnaver,MALAYALAM
evide,MALAYALAM
like,ENGLISH
adicheee,MALAYALAM
LAL,NAME
EttaN,NAME
Vaaadaaa,MALAYALAM
.,SYM
5,NUMBER
million,ENGLISH
aya,MALAYALAM
ennu,MALAYALAM
nokkan,MALAYALAM
vannvarundo,MALAYALAM
.,SYM
